Season,Latitude,DELTA_crossing,area_albedo_cloud,area_albedo_cloud_check,area_albedo,Carbon_eq,Carbon_eq_cloud
1,0,0.9270702639775177,490264.24953451403,-291401.39180606045,938155.3935980395,0.0016970425065210295,0.0016970425065210295
1,1,0.8622549968640847,542956.4809284494,-371856.15106767975,947402.0359730528,0.001885602785023366,0.001885602785023366
1,2,1.1373307414918123,-793904.7189714375,-801458.905792851,956978.7474650338,-0.0028284041775350492,-0.0028284041775350492
1,3,1.7860717196051148,-1732916.175516868,-1737829.94235879,966884.2876489204,-0.006222489190577108,-0.006222489190577108
1,4,2.7095930486984052,-3024175.3278639945,-3027040.15685427,977117.1620515961,-0.010842216013884355,-0.010842216013884355
1,5,3.9577232392847783,-4594521.693685817,-4598214.086980965,987675.5930900136,-0.016499024368954455,-0.016499024368954455
1,6,5.612181936555917,-6216259.954471609,-6215894.643111687,998557.4883157648,-0.02234439300252689,-0.02234439300252689
1,7,,-7217244.413441529,-7220577.247313773,1009760.405711761,-0.025927038294071284,-0.025927038294071284
1,8,,-7345223.668361066,-7348481.610012503,1021281.5157579983,-0.026398438990327126,-0.026398438990327126
1,9,,-7490315.201074925,-7492601.914863018,1033117.5599512679,-0.026869839686582967,-0.026869839686582967
1,10,7.86119410247014,-7549945.802042845,-7523956.079335203,1045264.8054273177,-0.027058399965085304,-0.027058399965085304
1,11,5.580213446358876,-6319081.502237989,-6321928.458473938,1057718.9952933157,-0.022627233420280394,-0.022627233420280394
1,12,5.336238582510427,-6047321.728710198,-6048770.112501528,1070475.2942321312,-0.02168443202776871,-0.02168443202776871
1,13,4.56258022733557,-5012909.071594397,-5013560.775421055,1083528.2288879254,-0.018007506596973148,-0.018007506596973148
1,14,3.633664194259012,-3771484.5341034126,-3773250.8805454057,1096871.62248328,-0.013576340052168236,-0.013576340052168236
1,15,2.5874268738116086,-2463398.247925391,-2465744.2968871817,1110498.523050682,-0.008862333089609821,-0.008862333089609821
1,16,0.7663817508943911,712729.7121709022,-197859.8963010125,1124401.124584884,0.0026398438990327126,0.0026398438990327126
1,17,-0.35083703799755206,755786.3326973722,1229843.5316658039,1126741.9299374688,0.0026398438990327126,0.0026398438990327126
1,18,-0.8417158097607675,745929.4983666292,1921843.3631383236,1126597.6189794717,0.0026398438990327126,0.0026398438990327126
1,19,-0.9326067279991808,772963.6896053099,2088912.5705785677,1134508.0585534072,0.0028284041775350492,0.0028284041775350492
1,20,-0.43091619046101926,833681.8907035731,1440451.0825404674,1146553.7132073317,0.003016964456037386,0.003016964456037386
1,21,-0.649619690015971,831848.9094672205,1744322.4644721188,1158816.5182849432,0.003016964456037386,0.003016964456037386
1,22,-1.4496343866275492,2775559.7915124353,2792932.0274381116,1171289.2886884643,0.00999369476062384,0.00999369476062384
1,23,-1.624598053152127,2980856.4833422834,2984869.6455653533,1184601.3265467256,0.010747935874633187,0.010747935874633187
1,24,-1.4850071276491388,2773555.652491603,2791652.4503500797,1198729.775014678,0.00999369476062384,0.00999369476062384
1,25,-1.0292257209459432,2236719.9718086165,2241904.459841188,1212382.3287992235,0.008108091975600475,0.008108091975600475
1,26,-0.4625063087358843,943365.0598607954,1554687.5753028933,1226809.203124108,0.003394085013042059,0.003394085013042059
1,27,-0.633768311219475,921355.0796487784,1771370.3399032764,1241352.2532375425,0.003394085013042059,0.003394085013042059
1,28,-0.24174813611074697,952210.8376063418,1279626.9792237207,1256608.8671279566,0.003394085013042059,0.003394085013042059
1,29,-0.046906602509931616,967809.2027376748,1030921.8819673695,1271301.8930334416,0.003394085013042059,0.003394085013042059
1,30,0.22894821774297824,945789.6898857257,675876.1553160548,1286026.9252643532,0.003394085013042059,0.003394085013042059
1,31,0.7655579266507164,873146.5571306943,-8589.08765167743,1287322.3587164518,0.0032055247345397224,0.0032055247345397224
1,32,1.0961839399429696,-409305.4907880916,-415884.46435239725,1279153.9587719634,-0.001508482228018693,-0.001508482228018693
1,33,1.3511298994609753,-638095.0629500324,-647227.6867141165,1282538.917891909,-0.0022627233420280395,-0.0022627233420280395
1,34,1.7865796315738027,-920845.1621501737,-926621.0529973898,1289813.2664661705,-0.0032998048737908907,-0.0032998048737908907
1,35,1.4716450907299095,-468008.074832293,-501782.679217333,1299825.7041390424,-0.0016970425065210295,-0.0016970425065210295
1,36,1.015718052395707,-73759.76098763815,-89394.39970543422,1310757.7316051084,-0.00028284041775350493,-0.00028284041775350493
1,37,1.0445804200808748,-138376.82123372983,-152814.775110811,1321412.9038835757,-0.0004714006962558415,-0.0004714006962558415
1,38,0.6265990504505652,754416.9635289034,224745.04506296478,1332827.2675545416,0.0026398438990327126,0.0026398438990327126
1,39,0.2896337874443109,788179.5790218315,570413.7118305992,1343805.2267229168,0.0028284041775350492,0.0028284041775350492
1,40,0.033403959405557515,827213.2454412648,802199.8865593281,1353746.58307348,0.003016964456037386,0.003016964456037386
1,41,-0.03096205942382113,847955.5285321027,893364.8532749824,1364654.060178849,0.003016964456037386,0.003016964456037386
1,42,-0.06012548271888285,830340.7204027078,890975.5220827386,1344038.5759512186,0.003016964456037386,0.003016964456037386
1,43,-0.0919545355726683,823844.5571509355,917166.0147388764,1331814.6077676662,0.003016964456037386,0.003016964456037386
1,44,-0.2396642756470957,802979.2379547935,1042460.1112172864,1324820.4048767362,0.0028284041775350492,0.0028284041775350492
1,45,-0.4173743894672466,780538.9331197758,1191587.6496158913,1325214.0375812538,0.0028284041775350492,0.0028284041775350492
1,46,-0.8253088352329829,745423.1975828467,1581837.2848475259,1326314.456963201,0.0026398438990327126,0.0026398438990327126
1,47,-1.2490834339482095,1995420.2748519746,2002341.7400420625,1327023.9509629037,0.007165290583088791,0.007165290583088791
1,48,1.6074856605145573,-432375.52100775513,-403864.1096608173,1327503.4561105166,-0.001508482228018693,-0.001508482228018693
1,49,3.8824278949826923,-1955805.0022292323,-1983674.3241167534,1323825.9296579477,-0.006976730304586455,-0.006976730304586455
1,50,,-6483906.514961391,-6519597.659313559,1276680.9060951923,-0.023287194395038572,-0.023287194395038572
1,51,,-6261307.992047082,-6309794.381310892,1251401.1460836127,-0.022438673141778057,-0.022438673141778057
1,52,,-6055677.377289181,-6106825.472243275,1230472.183117376,-0.02168443202776871,-0.02168443202776871
1,53,,-5863163.921897006,-5911383.817186377,1213179.6237586485,-0.021024471053010533,-0.021024471053010533
1,54,,-5641744.319629679,-5651266.791932977,1194189.7800084746,-0.020270229939001187,-0.020270229939001187
1,55,,-5454746.170146611,-5467246.864339932,1137378.5309539288,-0.01961026896424301,-0.01961026896424301
1,56,,-5185463.844036685,-5202743.912253519,1089156.8456695124,-0.018573187432480157,-0.018573187432480157
1,57,,-5094437.969701541,-5127502.914259897,1044276.1198504312,-0.018290347014726652,-0.018290347014726652
1,58,-0.2840316362481552,501056.7240454051,771944.294121353,1002412.0139341824,0.001885602785023366,0.001885602785023366
1,59,,6043789.076470281,6060490.8291562805,925063.5036237767,0.02168443202776871,0.02168443202776871
1,60,,5432460.94409848,5443941.580911666,853090.6352502911,0.019421708685740672,0.019421708685740672
1,61,,5073297.958473515,5084421.614632315,785408.6164687668,0.018290347014726652,0.018290347014726652
1,62,,4611368.368471428,4621893.744582437,688037.2522194718,0.016593304508205623,0.016593304508205623
1,63,,4232460.839693132,4246950.278822628,603921.4854799691,0.015273382558689265,0.015273382558689265
1,64,,494978.32506100903,494978.3250610074,494978.32506100903,0.0016970425065210295,0.0016970425065210295
1,65,,-2490157.927529722,-2499914.6016900307,399049.39807128656,-0.00895661322886099,-0.00895661322886099
2,0,1.9055393152951776,-1126562.6717376255,-1138974.8506210465,901233.816672211,-0.0040540459878002375,-0.0040540459878002375
2,1,1.0714430610721237,-400261.3424940335,-406239.2221696563,897469.0240520102,-0.0014142020887675246,-0.0014142020887675246
2,2,0.6714951997838163,479797.8705060523,-71892.14707684703,894027.9085759206,0.0016970425065210295,0.0016970425065210295
2,3,0.579642693036611,492225.3129826541,-13229.362517163157,890910.5078511796,0.0016970425065210295,0.0016970425065210295
2,4,0.6854176419669926,494311.3814781745,-156285.33247335814,888116.8152798588,0.0016970425065210295,0.0016970425065210295
2,5,1.0131209791469082,-543947.8704447565,-549309.2756803054,885646.7855589006,-0.0019798829242745346,-0.0019798829242745346
2,6,1.5249709520738488,-1205857.2140545067,-1208826.779379623,883500.3392944146,-0.004336886405553742,-0.004336886405553742
2,7,2.0994545086886713,-1988496.6831911807,-1991598.5238656364,881677.3667614919,-0.007165290583088791,-0.007165290583088791
2,8,2.555343079084885,-2590893.1182821663,-2592874.10870455,880177.7308347934,-0.009333733785865663,-0.009333733785865663
2,9,2.9120951096790897,-3060570.437455852,-3064091.647812564,879001.2691090801,-0.010936496153135524,-0.010936496153135524
2,10,3.0573585134589134,-3242753.25636041,-3245043.700896371,878147.7952229981,-0.011596457127893702,-0.011596457127893702
2,11,2.8760204447243822,-2968566.116705973,-2975138.2299722433,877617.0993938263,-0.010653655735382019,-0.010653655735382019
2,12,3.1260667538084785,-3216393.0088025946,-3218436.7563553676,877408.948165225,-0.011502176988642534,-0.011502176988642534
2,13,2.873430454819921,-2801915.5604324983,-2807962.9773758855,877523.0833643663,-0.010087974899875009,-0.010087974899875009
2,14,2.5840321477452477,-2406144.013146288,-2408770.7988643944,877959.2202592007,-0.008673772811107485,-0.008673772811107485
2,15,2.048277522306197,-1829142.3629438926,-1831455.7254979014,878717.0449007734,-0.006599609747581781,-0.006599609747581781
2,16,0.8873235367639403,522080.16445148026,-507795.7982153874,879796.2106296571,0.001885602785023366,0.001885602785023366
2,17,-0.011916993028151524,592142.7576236296,608094.7366215717,881196.3337192076,0.002074163063525703,0.002074163063525703
2,18,-0.7600923505827311,575486.4891423711,1659654.9970991947,882916.9881221445,0.002074163063525703,0.002074163063525703
2,19,-1.0900808680759884,2176078.4823523136,2182470.889067732,884957.6992798208,0.007730971418595801,0.007730971418595801
2,20,-0.8133701440801762,611949.2060312644,1819512.8734169267,887317.9369465746,0.0022627233420280395,0.0022627233420280395
2,21,-1.2354643622944206,2411644.624173838,2421049.4574756064,889997.1069735184,0.008673772811107485,0.008673772811107485
2,22,-1.7639061351187841,3172050.7073539025,3176116.1194634177,892994.5419879446,0.011313616710140197,0.011313616710140197
2,23,-1.9351028417302647,3394795.5943901357,3405734.5151228737,896309.4908952252,0.01225641810265188,0.01225641810265188
2,24,-1.9423144393337353,3382821.3604341196,3392577.174054483,899941.107120296,0.012067857824149543,0.012067857824149543
2,25,-1.8518255499021006,3261760.9031966343,3271439.1273390464,903888.4354948874,0.01169073726714487,0.01169073726714487
2,26,-1.3567747901121159,2584712.39299016,2595402.0639552977,908150.3976846193,0.009239453646614494,0.009239453646614494
2,27,-1.1346767405570244,2288510.9143590266,2299414.445159739,912725.7760370161,0.008296652254102812,0.008296652254102812
2,28,-0.6299731312048298,661352.1770972592,1590009.6797212064,917613.1957166061,0.002451283620530376,0.002451283620530376
2,29,-0.2889989436668099,676955.0031708516,1103171.4633476548,922811.1049771317,0.002451283620530376,0.002451283620530376
2,30,0.11408644587029926,680202.7991983877,526117.2120365873,928317.753402511,0.002451283620530376,0.002451283620530376
2,31,0.6001935594817578,642913.1506602481,-159377.78049748763,934131.1679278939,0.0022627233420280395,0.0022627233420280395
2,32,0.7765663112743866,617671.2657358183,-393088.80289896764,940249.1264291136,0.0022627233420280395,0.0022627233420280395
2,33,1.0968463478669204,-753584.6481289914,-761097.2629194222,946669.1286430793,-0.002734124038283881,-0.002734124038283881
2,34,1.6262587498109102,-1229563.0604654592,-1232175.7418215945,953388.3641525139,-0.004431166544804911,-0.004431166544804911
2,35,1.2222199162858676,-657698.28223458,-668210.0001826901,960403.677135298,-0.0023570034812792078,-0.0023570034812792078
2,36,0.7629935961772496,534284.8229145895,-182386.15387285128,967711.5275414634,0.001885602785023366,0.001885602785023366
2,37,0.7059900685760905,551580.4501513027,-141211.40259567648,975307.9483179814,0.001885602785023366,0.001885602785023366
2,38,0.39743354273102405,574684.655288161,189793.87526439503,983188.4982531309,0.002074163063525703,0.002074163063525703
2,39,0.2436454414407585,587114.868890986,354983.241854487,991348.2099564661,0.002074163063525703,0.002074163063525703
2,40,0.18312800489229986,596119.4128020159,421563.58937945403,999781.5324267979,0.002074163063525703,0.002074163063525703
2,41,0.2500793568644184,598196.836458381,359457.7994564008,1008482.2675873109,0.002074163063525703,0.002074163063525703
2,42,0.3291770798689928,595577.785056971,284685.6576464623,1016797.0843366674,0.002074163063525703,0.002074163063525703
2,43,0.4350057697205525,590220.16178095,185093.799686376,1025366.7400371373,0.002074163063525703,0.002074163063525703
2,44,0.5856329047461095,581237.1683374839,47454.63628001325,1034822.4614785904,0.002074163063525703,0.002074163063525703
2,45,0.6525175821282794,575644.3235274928,-705.2742086667567,1043872.8246879536,0.002074163063525703,0.002074163063525703
2,46,0.6240152352452544,575542.706584995,37886.68234806508,1053150.7638196829,0.002074163063525703,0.002074163063525703
2,47,0.5730716267870424,579886.3775044165,106586.10888062604,1063276.515389245,0.002074163063525703,0.002074163063525703
2,48,0.47136789733544227,590100.2383226262,207898.01946669817,1072969.8349421981,0.002074163063525703,0.002074163063525703
2,49,0.17729009890151026,621131.1128930944,477974.2766973898,1082852.6927932957,0.0022627233420280395,0.0022627233420280395
2,50,0.022320368247122246,641658.5920827086,623530.6618007161,1093531.041355484,0.0022627233420280395,0.0022627233420280395
2,51,-0.14773334276248384,639400.7010150561,783668.5673345104,1103738.6902277302,0.0022627233420280395,0.0022627233420280395
2,52,-0.16487383886699725,645902.364655817,808408.2685710024,1114698.6980601514,0.0022627233420280395,0.0022627233420280395
2,53,-0.11997516901175054,656009.1660195587,774602.0152064953,1125151.9802537842,0.0022627233420280395,0.0022627233420280395
2,54,-0.06567714166016536,666142.8532038849,730655.8413027227,1136304.5437747075,0.002451283620530376,0.002451283620530376
2,55,0.11237113124524711,667948.1162167755,576616.787236087,1146905.1563038672,0.002451283620530376,0.002451283620530376
2,56,0.3496460017857803,651684.4175997492,374396.3601932693,1158139.7357078057,0.0022627233420280395,0.0022627233420280395
2,57,0.5848756751446622,631610.2581880274,180704.2041195631,1168765.4283494267,0.0022627233420280395,0.0022627233420280395
2,58,0.9257841863033409,604882.9267539481,-84506.41605210677,1179944.5899083363,0.0022627233420280395,0.0022627233420280395
2,59,1.2568248917372262,-315602.6918908056,-331270.9006875139,1190442.964702634,-0.0011313616710140197,-0.0011313616710140197
2,60,1.6191046916630274,-579779.2901756002,-587890.7475203276,1201395.295391198,-0.002074163063525703,-0.002074163063525703
2,61,1.9299481862342516,-792842.1245959203,-797143.2484478429,1210460.3834340787,-0.0028284041775350492,-0.0028284041775350492
2,62,2.205034802488613,-1001043.7457780731,-1026418.8103450108,1219867.8100655153,-0.0035826452915443956,-0.0035826452915443956
2,63,2.321735234562235,-1100079.0211405656,-1127149.513143545,1228969.6043152953,-0.003959765848549069,-0.003959765848549069
2,64,2.5032699595900283,-1326006.8208209549,-1332640.7334673926,1237126.968888809,-0.0047140069625584155,-0.0047140069625584155
2,65,2.7159954725593423,-1625689.4253677018,-1633738.7801754586,1245390.1884324043,-0.005845368633572435,-0.005845368633572435
3,0,0.9082985574486582,492565.1061573135,-276458.0579192266,939076.3314535096,0.0016970425065210295,0.0016970425065210295
3,1,0.8037625496145022,491158.65650486783,-172203.95623632707,930068.8919005592,0.0016970425065210295,0.0016970425065210295
3,2,0.7145642489255515,490517.4336140414,-90858.8575436119,921393.5011908491,0.0016970425065210295,0.0016970425065210295
3,3,0.6289630488700002,490615.7069648172,-18049.32716186717,913050.8088187745,0.0016970425065210295,0.0016970425065210295
3,4,0.5523672374370268,490650.42417724594,46040.68139721826,905041.3004968885,0.0016970425065210295,0.0016970425065210295
3,5,0.4859775495637777,490180.4602257358,100401.83119850606,897365.3170618664,0.0016970425065210295,0.0016970425065210295
3,6,0.42780301641710494,489130.3862243099,147384.70510899276,890023.0717389027,0.0016970425065210295,0.0016970425065210295
3,7,0.3854607326624162,487246.64618048357,185283.5306733288,883014.665888701,0.0016970425065210295,0.0016970425065210295
3,8,0.3496615971041317,475288.24835638097,215976.19877212122,876340.1033490231,0.0016970425065210295,0.0016970425065210295
3,9,0.4747160237939081,460146.498480112,119476.33851748332,869999.3034713997,0.0016970425065210295,0.0016970425065210295
3,10,0.5064871724728404,450834.73637044546,105676.4965605326,863992.112943305,0.0016970425065210295,0.0016970425065210295
3,11,0.3728933378949062,453123.3655332545,213009.46347479708,858318.3164769409,0.0016970425065210295,0.0016970425065210295
3,12,0.3571882766897705,448095.09403615433,229421.2375022117,852977.6464368494,0.0016970425065210295,0.0016970425065210295
3,13,0.4376195032971122,426469.68797390076,168206.92022515833,847969.7914710206,0.001508482228018693,0.001508482228018693
3,14,0.5131069005749369,420131.60361352935,121736.55076975189,843294.4042025687,0.001508482228018693,0.001508482228018693
3,15,0.6849784239919403,409872.5391652319,12218.950021926314,838951.1080323878,0.001508482228018693,0.001508482228018693
3,16,0.5525127597929957,415995.66482990835,71382.20503181405,834939.5030968915,0.001508482228018693,0.001508482228018693
3,17,0.41588614262533863,437946.3025609238,154850.9830014743,831259.1714188656,0.001508482228018693,0.001508482228018693
3,18,0.2359548735463033,459981.6602168972,281524.71767562255,827909.6812839912,0.0016970425065210295,0.0016970425065210295
3,19,0.17790763458679493,469261.4756638862,325256.9324518386,824890.5908700818,0.0016970425065210295,0.0016970425065210295
3,20,0.3095688835654382,463835.560996089,199788.09688103572,822201.4511511829,0.0016970425065210295,0.0016970425065210295
3,21,0.331753366074409,462417.51001232245,175032.02426824905,819841.8080935042,0.0016970425065210295,0.0016970425065210295
3,22,0.2603049518849083,474003.7276763779,238880.22911191732,817811.2041555045,0.0016970425065210295,0.0016970425065210295
3,23,0.34100011786829576,484916.4936505103,135423.84748297557,816109.1790997593,0.0016970425065210295,0.0016970425065210295
3,24,0.2131256859730506,507841.77851422655,270006.5444075018,814735.2701193916,0.001885602785023366,0.001885602785023366
3,25,0.08360211359533842,525587.3325510143,427516.3096337784,813689.0112773938,0.001885602785023366,0.001885602785023366
3,26,0.0014652114137696515,536976.8319784352,535192.1040364504,812969.9322523709,0.001885602785023366,0.001885602785023366
3,27,0.05055726263254279,543481.0127919952,480102.5579907689,812577.5563794231,0.001885602785023366,0.001885602785023366
3,28,0.13541752097657245,548330.3972689109,372416.49708416685,812511.3979701007,0.001885602785023366,0.001885602785023366
3,29,0.3495877341148681,544171.6985176066,83332.18477516808,812770.9588901554,0.001885602785023366,0.001885602785023366
3,30,0.44397674235876394,544630.2980054585,-44800.33931992948,813355.7243686308,0.001885602785023366,0.001885602785023366
3,31,0.6162448135986196,537919.0607716092,-282790.23450334184,814265.1580062651,0.001885602785023366,0.001885602785023366
3,32,0.7307802562945973,531756.6707791847,-441086.29133409634,815498.6959452254,0.001885602785023366,0.001885602785023366
3,33,0.9388720596822626,515698.8337818362,-714166.7014219966,817055.7401559902,0.001885602785023366,0.001885602785023366
3,34,1.4903538851001201,-1411840.3996504212,-1433651.9202962387,818935.6507905283,-0.005091127519563089,-0.005091127519563089
3,35,1.7537868264624343,-1755327.5036003743,-1759436.2762224823,821137.7375435263,-0.0063167693298282765,-0.0063167693298282765
3,36,1.8550842178906795,-1894458.264060245,-1898610.7024911903,823661.2499557894,-0.006788170026084118,-0.006788170026084118
3,37,2.100265076997177,-2235936.468664517,-2238658.6960405353,826505.3665852495,-0.008013811836349307,-0.008013811836349307
3,38,2.0724165182344763,-2183402.9645779887,-2187106.580224864,829669.1829617261,-0.00782525155784697,-0.00782525155784697
3,39,2.093507053600165,-2179632.386409355,-2184323.6505490933,833151.6982314938,-0.00782525155784697,-0.00782525155784697
3,40,1.96906093370146,-1980496.2210541086,-1990302.1588300057,836951.8003862525,-0.007071010443837623,-0.007071010443837623
3,41,1.8899659419313384,-1880357.9932737816,-1889032.2739037238,841068.2499588665,-0.006788170026084118,-0.006788170026084118
3,42,1.753985966332161,-1674640.3684581514,-1683104.5789728425,845499.6620543468,-0.006033928912074772,-0.006033928912074772
3,43,1.7203433423329972,-1591741.8419437432,-1596861.6239283178,850244.4865694022,-0.005751088494321267,-0.005751088494321267
3,44,1.4043575484590303,-1154281.0859047687,-1172298.7902453542,855300.9864367499,-0.004148326127051406,-0.004148326127051406
3,45,1.1966085019419026,-866223.7022632394,-875345.9846021738,860667.2137114787,-0.003111244595288554,-0.003111244595288554
3,46,0.8231106754025284,501323.3602811065,-418363.50650476664,866340.9832955527,0.001885602785023366,0.001885602785023366
3,47,0.4684373767435286,522400.02231817844,10936.017040029168,872319.844072585,0.001885602785023366,0.001885602785023366
3,48,0.3685496755365332,531112.9521195512,130604.02656970918,878601.0471984504,0.001885602785023366,0.001885602785023366
3,49,0.05578144421240516,553294.4837215941,490475.8311907053,885181.5112630324,0.002074163063525703,0.002074163063525703
3,50,-0.23176664730483942,543306.9819835379,821412.8211702686,892057.7840044016,0.001885602785023366,0.001885602785023366
3,51,-0.4394902292296834,532167.88322113,1053545.8931889422,899226.0002183614,0.001885602785023366,0.001885602785023366
3,52,-0.5201148145008574,530252.5239600827,1143631.6900312211,906681.8354625312,0.001885602785023366,0.001885602785023366
3,53,-0.5783748708017544,529878.5542232683,1207910.5766640995,914420.4551048017,0.001885602785023366,0.001885602785023366
3,54,-0.600358345776181,530782.660934824,1228604.7626682855,922436.4582094443,0.001885602785023366,0.001885602785023366
3,55,-0.4537478783488549,542984.2061505157,1065602.7094643824,930723.8156899996,0.001885602785023366,0.001885602785023366
3,56,-0.37268283006299363,547795.1730435516,963792.9803862348,939275.8020844624,0.001885602785023366,0.001885602785023366
3,57,-0.22154010498861787,558113.4855056106,799004.8618084937,948084.9202240724,0.002074163063525703,0.002074163063525703
3,58,-0.07090629907887624,566441.9773161528,644947.5043792296,957142.8179701798,0.002074163063525703,0.002074163063525703
3,59,0.0986416859726944,563814.7756690958,476099.9861628376,966440.1960823972,0.002074163063525703,0.002074163063525703
3,60,0.21035652751834455,555891.3061383364,376902.8831649311,975966.706152488,0.002074163063525703,0.002074163063525703
3,61,0.33985933276521685,543734.7553140521,265541.4187292289,985710.8373899111,0.001885602785023366,0.001885602785023366
3,62,0.3925486350959755,539469.6365006403,235820.05544921756,995659.7908721992,0.001885602785023366,0.001885602785023366
3,63,0.378296182729871,540104.1971567001,266467.81142609566,1005799.3396729392,0.001885602785023366,0.001885602785023366
3,64,0.2621626148884495,547042.2598353807,367275.5258960109,1016113.6730460827,0.001885602785023366,0.001885602785023366
3,65,-0.007743555022173609,563185.0218186006,569007.0331168473,1026585.2225718938,0.002074163063525703,0.002074163063525703
4,0,0.7478451505812611,488548.72154303244,-174144.07304697298,899464.3236263724,0.0016970425065210295,0.0016970425065210295
4,1,0.5516725974728942,500494.6134192953,22218.923164298758,903142.7209951689,0.001885602785023366,0.001885602785023366
4,2,0.4732217412950668,507825.609414573,97657.90926025435,907144.0651424406,0.001885602785023366,0.001885602785023366
4,3,0.5021548843674832,509989.10764051136,69167.93967615813,911468.1772711248,0.001885602785023366,0.001885602785023366
4,4,0.5996108557186588,509346.57546648313,-28857.784311760217,916114.8106324492,0.001885602785023366,0.001885602785023366
4,5,0.7539232014835431,505070.58843699546,-190271.49494237266,921083.6409208776,0.001885602785023366,0.001885602785023366
4,6,0.9455383807729216,499367.92453391454,-393835.54959381,926374.2555074282,0.001885602785023366,0.001885602785023366
4,7,1.1458990627311234,-603646.3473731776,-610910.5280746631,931986.1414321251,-0.002168443202776871,-0.002168443202776871
4,8,1.230249944613707,-666990.9557842271,-673445.6289313138,937918.6720661303,-0.0023570034812792078,-0.0023570034812792078
4,9,1.2742551596623652,-677477.3523260229,-687444.9029428288,944171.0923429378,-0.002451283620530376,-0.002451283620530376
4,10,1.3813826036729289,-768456.1194728117,-779861.2370985337,950742.5024456821,-0.002734124038283881,-0.002734124038283881
4,11,1.2890482588814258,-639069.0107174404,-647340.2914607357,957631.8398240501,-0.0022627233420280395,-0.0022627233420280395
4,12,1.3882759832411864,-689914.2744662723,-703096.4061889611,964837.8593991672,-0.002451283620530376,-0.002451283620530376
4,13,1.2955552422008507,-542829.8217120928,-553521.1457879022,972359.1117981663,-0.0019798829242745346,-0.0019798829242745346
4,14,1.20354800990959,-419352.998533267,-426966.8480165638,980193.919441427,-0.001508482228018693,-0.001508482228018693
4,15,1.047027423921839,-278755.9679934174,-284469.09735023044,988340.350284644,-0.0010370815317628514,-0.0010370815317628514
4,16,0.5115925801510919,540090.3612744369,149732.05553581193,996796.1889945214,0.001885602785023366,0.001885602785023366
4,17,0.23831215213781043,572963.5945929762,379691.6980527174,1005558.9053105878,0.002074163063525703,0.002074163063525703
4,18,0.060697529304828635,611705.186889383,556615.495290583,1014625.6193160028,0.0022627233420280395,0.0022627233420280395
4,19,0.07874174209984197,629925.0168399039,552994.3678342365,1021990.453574267,0.0022627233420280395,0.0022627233420280395
4,20,0.35108498823094436,619976.8929278303,268642.23328553885,1028299.1971234966,0.0022627233420280395,0.0022627233420280395
4,21,0.304793267601541,631819.6593464878,322651.4283647612,1035549.1523544096,0.0022627233420280395,0.0022627233420280395
4,22,-0.05666378007630435,668664.1095302573,737342.5510498136,1043077.5064542734,0.002451283620530376,0.002451283620530376
4,23,-0.02984905192584897,703978.2517739958,743269.6963561252,1051542.2511540996,0.002451283620530376,0.002451283620530376
4,24,-0.07360603170322655,727178.5278252104,827082.1609988045,1060935.6103743068,0.0026398438990327126,0.0026398438990327126
4,25,-0.10019066670229826,744160.0800330819,882502.1480505727,1070594.6342157656,0.0026398438990327126,0.0026398438990327126
4,26,-0.048788312564783,762122.1039782627,830068.4235451445,1079861.5317651103,0.0028284041775350492,0.0028284041775350492
4,27,-0.09699399837352907,772203.5137063141,907380.1725740097,1090037.3297153923,0.0028284041775350492,0.0028284041775350492
4,28,0.016970391653103434,792758.5174508234,771156.4629480168,1101107.721235062,0.0028284041775350492,0.0028284041775350492
4,29,0.17160845642406208,791917.4588846577,573765.9680322688,1111767.065529771,0.0028284041775350492,0.0028284041775350492
4,30,0.29573665795279425,789123.3126372694,417728.04991081916,1123298.6321296617,0.0028284041775350492,0.0028284041775350492
4,31,0.5417657625244292,768555.3124780005,100604.05089243874,1134402.42910341,0.0028284041775350492,0.0028284041775350492
4,32,0.83416398486888,740531.4357067407,-262246.63495831564,1146349.2789121717,0.0026398438990327126,0.0026398438990327126
4,33,1.245999849685548,-736072.4069296055,-749136.2810230516,1158481.9961729052,-0.0026398438990327126,-0.0026398438990327126
4,34,1.833786391961958,-1351461.8585001137,-1359732.4975122195,1167728.9356244241,-0.004808287101809584,-0.004808287101809584
4,35,1.9486412327208793,-1390403.1050544425,-1405109.3056188952,1175331.8313292908,-0.00499684738031192,-0.00499684738031192
4,36,1.8648060788209815,-1283275.1796450787,-1297884.3278735206,1184262.5725900421,-0.004619726823307247,-0.004619726823307247
4,37,2.151859655068117,-1631703.1397631844,-1645389.78621714,1194489.819800469,-0.005845368633572435,-0.005845368633572435
4,38,1.9065956241596727,-1311444.136323622,-1327708.149097696,1203610.4187509008,-0.0047140069625584155,-0.0047140069625584155
4,39,1.7088426411574424,-1051611.6388058048,-1067660.7066030465,1213974.9073697922,-0.003771205570046732,-0.003771205570046732
4,40,1.4246249858690803,-703665.9951176194,-727700.5675958879,1224977.920907069,-0.0025455637597815444,-0.0025455637597815444
4,41,1.2784882306045713,-539612.7320936028,-547197.6358931158,1235364.728495378,-0.0019798829242745346,-0.0019798829242745346
4,42,1.2280951049948676,-455699.6235473077,-476503.9887223374,1245715.810166011,-0.0016027623672698612,-0.0016027623672698612
4,43,1.2254290386952285,-416348.107927955,-434206.30146389455,1255992.9362490885,-0.001508482228018693,-0.001508482228018693
4,44,1.0420229024783492,-196676.14098821912,-205094.38663494214,1266153.010550357,-0.0006599609747581782,-0.0006599609747581782
4,45,0.906224579355019,668924.8680959471,-35431.476417599246,1274617.9198856177,0.002451283620530376,0.002451283620530376
4,46,0.7194229647620194,675848.4635418376,145209.1365952287,1277922.5246103914,0.002451283620530376,0.002451283620530376
4,47,0.6060938732665768,679261.0471775646,264208.3967084028,1283672.7558905869,0.002451283620530376,0.002451283620530376
4,48,0.522581117775351,681842.9503461645,344688.86760593764,1291214.9063173989,0.002451283620530376,0.002451283620530376
4,49,0.2993091433285855,700289.9264308417,513788.1448806524,1295106.8430100582,0.002451283620530376,0.002451283620530376
4,50,-0.01870164002658825,725705.4626170853,740371.0939335339,1301691.9128562454,0.0026398438990327126,0.0026398438990327126
4,51,-0.3675790977226949,691168.880642769,981478.2406869996,1307096.6919985928,0.002451283620530376,0.002451283620530376
4,52,-0.6672146187511716,665976.8133749536,1185610.1601392552,1312326.617031217,0.002451283620530376,0.002451283620530376
4,53,-0.860479665156233,642163.1919894837,1282673.3691807147,1308608.0632027674,0.0022627233420280395,0.0022627233420280395
4,54,-0.9813791481655878,628485.0143215515,1329768.3087475523,1305862.7430887723,0.0022627233420280395,0.0022627233420280395
4,55,-0.8314102634400165,638047.7921794277,1225767.0577475447,1301587.3121098974,0.0022627233420280395,0.0022627233420280395
4,56,-0.6089088434042935,650634.3640611863,1060340.361850785,1297996.184954306,0.0022627233420280395,0.0022627233420280395
4,57,-0.3138838445927803,665880.9393041225,869764.8797801789,1293847.1863879103,0.002451283620530376,0.002451283620530376
4,58,0.04606973911618617,671034.3781235332,650279.0129273143,1282437.870456943,0.002451283620530376,0.002451283620530376
4,59,0.4897102874238737,637554.9611327428,408011.6228880314,1266147.6588645622,0.0022627233420280395,0.0022627233420280395
4,60,0.9119788741478114,609783.4205256082,259286.64422680158,1251642.2068683268,0.0022627233420280395,0.0022627233420280395
4,61,1.2864936433593934,161974.33533471142,34240.884419900365,1233040.7164855467,0.0005656808355070099,0.0005656808355070099
4,62,1.6720145874319323,141619.19970236585,141761.90937250666,1206881.064390549,0.0005656808355070099,0.0005656808355070099
4,63,,7588495.031111784,7600403.55745516,1175710.1526140056,0.027152680104336472,0.027152680104336472
4,64,,7525966.6835798705,7537232.927737453,1142430.1419614805,0.026964119825834135,0.026964119825834135
4,65,,-5685033.830496891,-5809890.9058612045,1097949.1909062916,-0.020364510078252355,-0.020364510078252355
